command,mean,stddev,median,user,system,min,max
systemd-run --user --scope --property=CPUQuota=500% ./newton -l1000 -t4 5,0.18713126872000002,0.005715727654339819,0.18551434732000002,0.30801332000000003,0.07847806,0.18020367082000002,0.19909017582000002
